Workbook

Sheet Assumptions
A1: FARM FARMER — Economy Model v0.1 (tuned via 24h player simulation, Jul 17 2026)
A2: LEGEND: blue text on yellow = editable design levers. Black = formulas. Green = cross-sheet links.
A3: All values below were selected by parameter sweep against pacing targets (see docs/ECONOMY_MODEL_NOTES).
A5: Parameter | B5: Value | C5: Note
A6: HP0 — Stage-1 enemy HP | B6: 10 | C6: Base of enemy HP curve
A7: HP_GROWTH — HP multiplier per stage | B7: 1.55 | C7: Genre range 1.5–1.6
A8: BOSS_EVERY — boss stage interval | B8: 5 | C8: Boss every Nth stage
A9: BOSS_HP_MULT — boss HP multiplier | B9: 8 | C9: vs normal enemy at same stage
A10: BOSS_TIMER — boss kill timer (sec) | B10: 30 | C10: Fail knocks lane back one stage
A11: KILLS_PER_STAGE — tally to advance | B11: 10 | C11: Locked Decision 4
A12: COIN_DIVISOR — coin/kill = HP ÷ this | B12: 25 | C12: Coin scales WITH HP; pace governed by costs (key finding)
A13: BOSS_COIN_MULT — boss coin bonus | B13: 10 | C13: Boss kills pay 10x
A14: LEVEL_COST0 — hero level base cost | B14: 40 | C14: Early-game pace lever (raised 8→40 in tuning)
A15: COST_GROWTH — cost multiplier per level | B15: 1.075 | C15: THE wall-pace lever. 1.07=runaway, 1.085=brutal
A16: DPS0 — hero base DPS per level | B16: 5 | C16: Master curve base
A17: MILESTONE_EVERY — levels per milestone | B17: 25 | C17: x-mult every N levels
... A26: SEED_DPS_BONUS — global DPS per Seed | B26: 0.15 | C26: RAISED 0.05→0.15 by run-2 sim: at 5%, run 2 was near-identical to run 1 (dead prestige)

Sheet Curves
A1: Stage curves — all cells below are formulas driven by Assumptions
A2: Stage | B2: Is Boss | C2: Enemy HP | D2: Coin / Kill | E2: Stage Coin (10 kills or 1 boss)
A3: 1 | B3: =IF(MOD(A3,Assumptions!$B$8)=0,"BOSS","") | C3: =Assumptions!$B$6*Assumptions!$B$7^(A3-1)*IF(B3="BOSS",Assumptions!$B$9,1) -> 10 | D3: =(Assumptions!$B$6*Assumptions!$B$7^(A3-1)/Assumptions!$B$12)*IF(B3="BOSS",Assumptions!$B$13,1) -> 0.4 | E3: =D3*IF(B3="BOSS",1,Assumptions!$B$11) -> 4
A4: 2 | B4: =IF(MOD(A4,Assumptions!$B$8)=0,"BOSS","") | C4: =Assumptions!$B$6*Assumptions!$B$7^(A4-1)*IF(B4="BOSS",Assumptions!$B$9,1) -> 15.5 | D4: =(Assumptions!$B$6*Assumptions!$B$7^(A4-1)/Assumptions!$B$12)*IF(B4="BOSS",Assumptions!$B$13,1) -> 0.62 | E4: =D4*IF(B4="BOSS",1,Assumptions!$B$11) -> 6.2
A5: 3 | B5: =IF(MOD(A5,Assumptions!$B$8)=0,"BOSS","") | C5: =Assumptions!$B$6*Assumptions!$B$7^(A5-1)*IF(B5="BOSS",Assumptions!$B$9,1) -> 24.025 | D5: =(Assumptions!$B$6*Assumptions!$B$7^(A5-1)/Assumptions!$B$12)*IF(B5="BOSS",Assumptions!$B$13,1) -> 0.961 | E5: =D5*IF(B5="BOSS",1,Assumptions!$B$11) -> 9.61
A6: 4 | B6: =IF(MOD(A6,Assumptions!$B$8)=0,"BOSS","") | C6: =Assumptions!$B$6*Assumptions!$B$7^(A6-1)*IF(B6="BOSS",Assumptions!$B$9,1) -> 37.23875 | D6: =(Assumptions!$B$6*Assumptions!$B$7^(A6-1)/Assumptions!$B$12)*IF(B6="BOSS",Assumptions!$B$13,1) -> 1.48955 | E6: =D6*IF(B6="BOSS",1,Assumptions!$B$11) -> 14.8955
A7: 5 | B7: =IF(MOD(A7,Assumptions!$B$8)=0,"BOSS","") -> BOSS | C7: =Assumptions!$B$6*Assumptions!$B$7^(A7-1)*IF(B7="BOSS",Assumptions!$B$9,1) -> 461.7605 | D7: =(Assumptions!$B$6*Assumptions!$B$7^(A7-1)/Assumptions!$B$12)*IF(B7="BOSS",Assumptions!$B$13,1) -> 23.088025 | E7: =D7*IF(B7="BOSS",1,Assumptions!$B$11) -> 23.088025
A8: 6 | B8: =IF(MOD(A8,Assumptions!$B$8)=0,"BOSS","") | C8: =Assumptions!$B$6*Assumptions!$B$7^(A8-1)*IF(B8="BOSS",Assumptions!$B$9,1) -> 89.466097 | D8: =(Assumptions!$B$6*Assumptions!$B$7^(A8-1)/Assumptions!$B$12)*IF(B8="BOSS",Assumptions!$B$13,1) -> 3.5786439 | E8: =D8*IF(B8="BOSS",1,Assumptions!$B$11) -> 35.786439
A9: 7 | B9: =IF(MOD(A9,Assumptions!$B$8)=0,"BOSS","") | C9: =Assumptions!$B$6*Assumptions!$B$7^(A9-1)*IF(B9="BOSS",Assumptions!$B$9,1) -> 138.67245 | D9: =(Assumptions!$B$6*Assumptions!$B$7^(A9-1)/Assumptions!$B$12)*IF(B9="BOSS",Assumptions!$B$13,1) -> 5.546898 | E9: =D9*IF(B9="BOSS",1,Assumptions!$B$11) -> 55.46898
A10: 8 | B10: =IF(MOD(A10,Assumptions!$B$8)=0,"BOSS","") | C10: =Assumptions!$B$6*Assumptions!$B$7^(A10-1)*IF(B10="BOSS",Assumptions!$B$9,1) -> 214.9423 | D10: =(Assumptions!$B$6*Assumptions!$B$7^(A10-1)/Assumptions!$B$12)*IF(B10="BOSS",Assumptions!$B$13,1) -> 8.5976919 | E10: =D10*IF(B10="BOSS",1,Assumptions!$B$11) -> 85.976919
A11: 9 | B11: =IF(MOD(A11,Assumptions!$B$8)=0,"BOSS","") | C11: =Assumptions!$B$6*Assumptions!$B$7^(A11-1)*IF(B11="BOSS",Assumptions!$B$9,1) -> 333.16056 | D11: =(Assumptions!$B$6*Assumptions!$B$7^(A11-1)/Assumptions!$B$12)*IF(B11="BOSS",Assumptions!$B$13,1) -> 13.326422 | E11: =D11*IF(B11="BOSS",1,Assumptions!$B$11) -> 133.26422
A12: 10 | B12: =IF(MOD(A12,Assumptions!$B$8)=0,"BOSS","") -> BOSS | C12: =Assumptions!$B$6*Assumptions!$B$7^(A12-1)*IF(B12="BOSS",Assumptions!$B$9,1) -> 4131.191 | D12: =(Assumptions!$B$6*Assumptions!$B$7^(A12-1)/Assumptions!$B$12)*IF(B12="BOSS",Assumptions!$B$13,1) -> 206.55955 | E12: =D12*IF(B12="BOSS",1,Assumptions!$B$11) -> 206.55955
A13: 11 | B13: =IF(MOD(A13,Assumptions!$B$8)=0,"BOSS","") | C13: =Assumptions!$B$6*Assumptions!$B$7^(A13-1)*IF(B13="BOSS",Assumptions!$B$9,1) -> 800.41825 | D13: =(Assumptions!$B$6*Assumptions!$B$7^(A13-1)/Assumptions!$B$12)*IF(B13="BOSS",Assumptions!$B$13,1) -> 32.01673 | E13: =D13*IF(B13="BOSS",1,Assumptions!$B$11) -> 320.1673
A14: 12 | B14: =IF(MOD(A14,Assumptions!$B$8)=0,"BOSS","") | C14: =Assumptions!$B$6*Assumptions!$B$7^(A14-1)*IF(B14="BOSS",Assumptions!$B$9,1) -> 1240.6483 | D14: =(Assumptions!$B$6*Assumptions!$B$7^(A14-1)/Assumptions!$B$12)*IF(B14="BOSS",Assumptions!$B$13,1) -> 49.625931 | E14: =D14*IF(B14="BOSS",1,Assumptions!$B$11) -> 496.25931
... A122: 120 | B122: =IF(MOD(A122,Assumptions!$B$8)=0,"BOSS","") -> BOSS | C122: =Assumptions!$B$6*Assumptions!$B$7^(A122-1)*IF(B122="BOSS",Assumptions!$B$9,1) -> 3.5691276e+24 | D122: =(Assumptions!$B$6*Assumptions!$B$7^(A122-1)/Assumptions!$B$12)*IF(B122="BOSS",Assumptions!$B$13,1) -> 1.7845638e+23 | E122: =D122*IF(B122="BOSS",1,Assumptions!$B$11) -> 1.7845638e+23

Sheet HeroLevels
A1: Master hero curve + Hero 2 modifiers (Decision 6: one curve family, per-hero mults only)
A2: Level | B2: Level Cost (H1) | C2: DPS (H1) | D2: Level Cost (H2) | E2: DPS (H2)
A3: 1 | B3: =Assumptions!$B$14*Assumptions!$B$15^A3 -> 43 | C3: =Assumptions!$B$16*A3*Assumptions!$B$18^INT(A3/Assumptions!$B$17) -> 5 | D3: =B3*Assumptions!$B$21 -> 5160 | E3: =C3*Assumptions!$B$20 -> 200
A4: 2 | B4: =Assumptions!$B$14*Assumptions!$B$15^A4 -> 46.225 | C4: =Assumptions!$B$16*A4*Assumptions!$B$18^INT(A4/Assumptions!$B$17) -> 10 | D4: =B4*Assumptions!$B$21 -> 5547 | E4: =C4*Assumptions!$B$20 -> 400
A5: 3 | B5: =Assumptions!$B$14*Assumptions!$B$15^A5 -> 49.691875 | C5: =Assumptions!$B$16*A5*Assumptions!$B$18^INT(A5/Assumptions!$B$17) -> 15 | D5: =B5*Assumptions!$B$21 -> 5963.025 | E5: =C5*Assumptions!$B$20 -> 600
A6: 4 | B6: =Assumptions!$B$14*Assumptions!$B$15^A6 -> 53.418766 | C6: =Assumptions!$B$16*A6*Assumptions!$B$18^INT(A6/Assumptions!$B$17) -> 20 | D6: =B6*Assumptions!$B$21 -> 6410.2519 | E6: =C6*Assumptions!$B$20 -> 800
A7: 5 | B7: =Assumptions!$B$14*Assumptions!$B$15^A7 -> 57.425173 | C7: =Assumptions!$B$16*A7*Assumptions!$B$18^INT(A7/Assumptions!$B$17) -> 25 | D7: =B7*Assumptions!$B$21 -> 6891.0208 | E7: =C7*Assumptions!$B$20 -> 1000
A8: 6 | B8: =Assumptions!$B$14*Assumptions!$B$15^A8 -> 61.732061 | C8: =Assumptions!$B$16*A8*Assumptions!$B$18^INT(A8/Assumptions!$B$17) -> 30 | D8: =B8*Assumptions!$B$21 -> 7407.8473 | E8: =C8*Assumptions!$B$20 -> 1200
A9: 7 | B9: =Assumptions!$B$14*Assumptions!$B$15^A9 -> 66.361966 | C9: =Assumptions!$B$16*A9*Assumptions!$B$18^INT(A9/Assumptions!$B$17) -> 35 | D9: =B9*Assumptions!$B$21 -> 7963.4359 | E9: =C9*Assumptions!$B$20 -> 1400
A10: 8 | B10: =Assumptions!$B$14*Assumptions!$B$15^A10 -> 71.339113 | C10: =Assumptions!$B$16*A10*Assumptions!$B$18^INT(A10/Assumptions!$B$17) -> 40 | D10: =B10*Assumptions!$B$21 -> 8560.6936 | E10: =C10*Assumptions!$B$20 -> 1600
A11: 9 | B11: =Assumptions!$B$14*Assumptions!$B$15^A11 -> 76.689546 | C11: =Assumptions!$B$16*A11*Assumptions!$B$18^INT(A11/Assumptions!$B$17) -> 45 | D11: =B11*Assumptions!$B$21 -> 9202.7456 | E11: =C11*Assumptions!$B$20 -> 1800
A12: 10 | B12: =Assumptions!$B$14*Assumptions!$B$15^A12 -> 82.441262 | C12: =Assumptions!$B$16*A12*Assumptions!$B$18^INT(A12/Assumptions!$B$17) -> 50 | D12: =B12*Assumptions!$B$21 -> 9892.9515 | E12: =C12*Assumptions!$B$20 -> 2000
A13: 11 | B13: =Assumptions!$B$14*Assumptions!$B$15^A13 -> 88.624357 | C13: =Assumptions!$B$16*A13*Assumptions!$B$18^INT(A13/Assumptions!$B$17) -> 55 | D13: =B13*Assumptions!$B$21 -> 10634.923 | E13: =C13*Assumptions!$B$20 -> 2200
A14: 12 | B14: =Assumptions!$B$14*Assumptions!$B$15^A14 -> 95.271184 | C14: =Assumptions!$B$16*A14*Assumptions!$B$18^INT(A14/Assumptions!$B$17) -> 60 | D14: =B14*Assumptions!$B$21 -> 11432.542 | E14: =C14*Assumptions!$B$20 -> 2400
... A452: 450 | B452: =Assumptions!$B$14*Assumptions!$B$15^A452 -> 5.4433831e+15 | C452: =Assumptions!$B$16*A452*Assumptions!$B$18^INT(A452/Assumptions!$B$17) -> 154618822656000 | D452: =B452*Assumptions!$B$21 -> 6.5320598e+17 | E452: =C452*Assumptions!$B$20 -> 6.1847529e+15

Sheet Simulation
A1: SIMULATION OUTPUT — data, not formulas. Source: sim/ff_sim.py greedy-allocator bot, 24h @ 30s ticks, params = Assumptions sheet.
A2: Hour | B2: L1 Max Stage | C2: L2 Max Stage | D2: L1 Level | E2: L2 Level | F2: Shared Wallet
A3: 0 | B3: 2 | C3: 1 | D3: 1 | E3: 0 | F3: 6
A4: 0.25 | B4: 10 | C4: 1 | D4: 13 | E4: 0 | F4: 6.3631738
A5: 0.5 | B5: 15 | C5: 1 | D5: 42 | E5: 0 | F5: 570.97244
A6: 0.75 | B6: 23 | C6: 1 | D6: 82 | E6: 0 | F6: 7928.9443
A7: 1 | B7: 30 | C7: 24 | D7: 109 | E7: 43 | F7: 55487.027
A8: 1.25 | B8: 30 | C8: 30 | D8: 134 | E8: 68 | F8: 284481.17
A9: 1.5 | B9: 35 | C9: 35 | D9: 156 | E9: 89 | F9: 586994.2
A10: 1.75 | B10: 35 | C10: 35 | D10: 173 | E10: 106 | F10: 4904098.1
A11: 2 | B11: 40 | C11: 35 | D11: 189 | E11: 123 | F11: 5819614
A12: 2.25 | B12: 40 | C12: 40 | D12: 202 | E12: 136 | F12: 74687668
A13: 2.5 | B13: 40 | C13: 40 | D13: 214 | E13: 148 | F13: 59992471
A14: 2.75 | B14: 45 | C14: 45 | D14: 224 | E14: 157 | F14: 2.4415407e+08
... A98: 23.75 | B98: 70 | C98: 70 | D98: 414 | E98: 348 | F98: 5.6625947e+13

Sheet Summary
A1: Milestone timings — INDEX/MATCH over Simulation sheet (stages are non-decreasing)
A2: Milestone | B2: Hour reached
A3: Lane 1 reaches stage 10 | B3: =IFERROR(INDEX(Simulation!$A$3:$A$98,MATCH(10-0.5,Simulation!$B$3:$B$98,1)+1),"not reached") -> 0.25
A4: Lane 1 reaches stage 25 (Hero 2 gate) | B4: =IFERROR(INDEX(Simulation!$A$3:$A$98,MATCH(25-0.5,Simulation!$B$3:$B$98,1)+1),"not reached") -> 1
A5: Lane 1 reaches stage 50 | B5: =IFERROR(INDEX(Simulation!$A$3:$A$98,MATCH(50-0.5,Simulation!$B$3:$B$98,1)+1),"not reached") -> 3.75
A6: Lane 1 reaches stage 65 (soft wall zone) | B6: =IFERROR(INDEX(Simulation!$A$3:$A$98,MATCH(65-0.5,Simulation!$B$3:$B$98,1)+1),"not reached") -> 10.75
A7: Lane 2 reaches stage 50 | B7: =IFERROR(INDEX(Simulation!$A$3:$A$98,MATCH(50-0.5,Simulation!$C$3:$C$98,1)+1),"not reached") -> 4
A9: First Harvest recommendation (sim-detected, <2 stages gained over trailing 2h): | B9: 10
A10: Harvest Seeds at first prestige (both lanes stage 70, floor 40, interval 5): | B10: =2*INT((70-Assumptions!$B$24)/Assumptions!$B$25) -> 12
A11: Run-2 global DPS bonus: | B11: =B10*Assumptions!$B$26 -> 1.8
